#,Tag ID,Pet link
1,tag-0001,"https://tag.chapiz.co.il/he/pet/tag-0001"
2,tag-0002,"https://tag.chapiz.co.il/he/pet/tag-0002"
3,tag-0003,"https://tag.chapiz.co.il/he/pet/tag-0003"
4,tag-0004,"https://tag.chapiz.co.il/he/pet/tag-0004"
5,tag-0005,"https://tag.chapiz.co.il/he/pet/tag-0005"
6,tag-0006,"https://tag.chapiz.co.il/he/pet/tag-0006"
7,tag-0007,"https://tag.chapiz.co.il/he/pet/tag-0007"
8,tag-0008,"https://tag.chapiz.co.il/he/pet/tag-0008"
9,tag-0009,"https://tag.chapiz.co.il/he/pet/tag-0009"
10,tag-0010,"https://tag.chapiz.co.il/he/pet/tag-0010"
11,tag-0011,"https://tag.chapiz.co.il/he/pet/tag-0011"
12,tag-0012,"https://tag.chapiz.co.il/he/pet/tag-0012"
13,tag-0013,"https://tag.chapiz.co.il/he/pet/tag-0013"
14,tag-0014,"https://tag.chapiz.co.il/he/pet/tag-0014"
15,tag-0015,"https://tag.chapiz.co.il/he/pet/tag-0015"
16,tag-0016,"https://tag.chapiz.co.il/he/pet/tag-0016"
17,tag-0017,"https://tag.chapiz.co.il/he/pet/tag-0017"
18,tag-0018,"https://tag.chapiz.co.il/he/pet/tag-0018"
19,tag-0019,"https://tag.chapiz.co.il/he/pet/tag-0019"
20,tag-0020,"https://tag.chapiz.co.il/he/pet/tag-0020"
21,tag-0021,"https://tag.chapiz.co.il/he/pet/tag-0021"
22,tag-0022,"https://tag.chapiz.co.il/he/pet/tag-0022"
23,tag-0023,"https://tag.chapiz.co.il/he/pet/tag-0023"
24,tag-0024,"https://tag.chapiz.co.il/he/pet/tag-0024"
25,tag-0025,"https://tag.chapiz.co.il/he/pet/tag-0025"
26,tag-0026,"https://tag.chapiz.co.il/he/pet/tag-0026"
27,tag-0027,"https://tag.chapiz.co.il/he/pet/tag-0027"
28,tag-0028,"https://tag.chapiz.co.il/he/pet/tag-0028"
29,tag-0029,"https://tag.chapiz.co.il/he/pet/tag-0029"
30,tag-0030,"https://tag.chapiz.co.il/he/pet/tag-0030"
31,tag-0031,"https://tag.chapiz.co.il/he/pet/tag-0031"
32,tag-0032,"https://tag.chapiz.co.il/he/pet/tag-0032"
33,tag-0033,"https://tag.chapiz.co.il/he/pet/tag-0033"
34,tag-0034,"https://tag.chapiz.co.il/he/pet/tag-0034"
35,tag-0035,"https://tag.chapiz.co.il/he/pet/tag-0035"
36,tag-0036,"https://tag.chapiz.co.il/he/pet/tag-0036"
37,tag-0037,"https://tag.chapiz.co.il/he/pet/tag-0037"
38,tag-0038,"https://tag.chapiz.co.il/he/pet/tag-0038"
39,tag-0039,"https://tag.chapiz.co.il/he/pet/tag-0039"
40,tag-0040,"https://tag.chapiz.co.il/he/pet/tag-0040"
41,tag-0041,"https://tag.chapiz.co.il/he/pet/tag-0041"
42,tag-0042,"https://tag.chapiz.co.il/he/pet/tag-0042"
43,tag-0043,"https://tag.chapiz.co.il/he/pet/tag-0043"
44,tag-0044,"https://tag.chapiz.co.il/he/pet/tag-0044"
45,tag-0045,"https://tag.chapiz.co.il/he/pet/tag-0045"
46,tag-0046,"https://tag.chapiz.co.il/he/pet/tag-0046"
47,tag-0047,"https://tag.chapiz.co.il/he/pet/tag-0047"
48,tag-0048,"https://tag.chapiz.co.il/he/pet/tag-0048"
49,tag-0049,"https://tag.chapiz.co.il/he/pet/tag-0049"
50,tag-0050,"https://tag.chapiz.co.il/he/pet/tag-0050"
51,tag-0051,"https://tag.chapiz.co.il/he/pet/tag-0051"
52,tag-0052,"https://tag.chapiz.co.il/he/pet/tag-0052"
53,tag-0053,"https://tag.chapiz.co.il/he/pet/tag-0053"
54,tag-0054,"https://tag.chapiz.co.il/he/pet/tag-0054"
55,tag-0055,"https://tag.chapiz.co.il/he/pet/tag-0055"
56,tag-0056,"https://tag.chapiz.co.il/he/pet/tag-0056"
57,tag-0057,"https://tag.chapiz.co.il/he/pet/tag-0057"
58,tag-0058,"https://tag.chapiz.co.il/he/pet/tag-0058"
59,tag-0059,"https://tag.chapiz.co.il/he/pet/tag-0059"
60,tag-0060,"https://tag.chapiz.co.il/he/pet/tag-0060"
61,tag-0061,"https://tag.chapiz.co.il/he/pet/tag-0061"
62,tag-0062,"https://tag.chapiz.co.il/he/pet/tag-0062"
63,tag-0063,"https://tag.chapiz.co.il/he/pet/tag-0063"
64,tag-0064,"https://tag.chapiz.co.il/he/pet/tag-0064"
65,tag-0065,"https://tag.chapiz.co.il/he/pet/tag-0065"
66,tag-0066,"https://tag.chapiz.co.il/he/pet/tag-0066"
67,tag-0067,"https://tag.chapiz.co.il/he/pet/tag-0067"
68,tag-0068,"https://tag.chapiz.co.il/he/pet/tag-0068"
69,tag-0069,"https://tag.chapiz.co.il/he/pet/tag-0069"
70,tag-0070,"https://tag.chapiz.co.il/he/pet/tag-0070"
71,tag-0071,"https://tag.chapiz.co.il/he/pet/tag-0071"
72,tag-0072,"https://tag.chapiz.co.il/he/pet/tag-0072"
73,tag-0073,"https://tag.chapiz.co.il/he/pet/tag-0073"
74,tag-0074,"https://tag.chapiz.co.il/he/pet/tag-0074"
75,tag-0075,"https://tag.chapiz.co.il/he/pet/tag-0075"
76,tag-0076,"https://tag.chapiz.co.il/he/pet/tag-0076"
77,tag-0077,"https://tag.chapiz.co.il/he/pet/tag-0077"
78,tag-0078,"https://tag.chapiz.co.il/he/pet/tag-0078"
79,tag-0079,"https://tag.chapiz.co.il/he/pet/tag-0079"
80,tag-0080,"https://tag.chapiz.co.il/he/pet/tag-0080"
81,tag-0081,"https://tag.chapiz.co.il/he/pet/tag-0081"
82,tag-0082,"https://tag.chapiz.co.il/he/pet/tag-0082"
83,tag-0083,"https://tag.chapiz.co.il/he/pet/tag-0083"
84,tag-0084,"https://tag.chapiz.co.il/he/pet/tag-0084"
85,tag-0085,"https://tag.chapiz.co.il/he/pet/tag-0085"
86,tag-0086,"https://tag.chapiz.co.il/he/pet/tag-0086"
87,tag-0087,"https://tag.chapiz.co.il/he/pet/tag-0087"
88,tag-0088,"https://tag.chapiz.co.il/he/pet/tag-0088"
89,tag-0089,"https://tag.chapiz.co.il/he/pet/tag-0089"
90,tag-0090,"https://tag.chapiz.co.il/he/pet/tag-0090"
91,tag-0091,"https://tag.chapiz.co.il/he/pet/tag-0091"
92,tag-0092,"https://tag.chapiz.co.il/he/pet/tag-0092"
93,tag-0093,"https://tag.chapiz.co.il/he/pet/tag-0093"
94,tag-0094,"https://tag.chapiz.co.il/he/pet/tag-0094"
95,tag-0095,"https://tag.chapiz.co.il/he/pet/tag-0095"
96,tag-0096,"https://tag.chapiz.co.il/he/pet/tag-0096"
97,tag-0097,"https://tag.chapiz.co.il/he/pet/tag-0097"
98,tag-0098,"https://tag.chapiz.co.il/he/pet/tag-0098"
99,tag-0099,"https://tag.chapiz.co.il/he/pet/tag-0099"
100,tag-0100,"https://tag.chapiz.co.il/he/pet/tag-0100"
101,tag-0101,"https://tag.chapiz.co.il/he/pet/tag-0101"
102,tag-0102,"https://tag.chapiz.co.il/he/pet/tag-0102"
103,tag-0103,"https://tag.chapiz.co.il/he/pet/tag-0103"
104,tag-0104,"https://tag.chapiz.co.il/he/pet/tag-0104"
105,tag-0105,"https://tag.chapiz.co.il/he/pet/tag-0105"
106,tag-0106,"https://tag.chapiz.co.il/he/pet/tag-0106"
107,tag-0107,"https://tag.chapiz.co.il/he/pet/tag-0107"
108,tag-0108,"https://tag.chapiz.co.il/he/pet/tag-0108"
109,tag-0109,"https://tag.chapiz.co.il/he/pet/tag-0109"
110,tag-0110,"https://tag.chapiz.co.il/he/pet/tag-0110"
111,tag-0111,"https://tag.chapiz.co.il/he/pet/tag-0111"
112,tag-0112,"https://tag.chapiz.co.il/he/pet/tag-0112"
113,tag-0113,"https://tag.chapiz.co.il/he/pet/tag-0113"
114,tag-0114,"https://tag.chapiz.co.il/he/pet/tag-0114"
115,tag-0115,"https://tag.chapiz.co.il/he/pet/tag-0115"
116,tag-0116,"https://tag.chapiz.co.il/he/pet/tag-0116"
117,tag-0117,"https://tag.chapiz.co.il/he/pet/tag-0117"
118,tag-0118,"https://tag.chapiz.co.il/he/pet/tag-0118"
119,tag-0119,"https://tag.chapiz.co.il/he/pet/tag-0119"
120,tag-0120,"https://tag.chapiz.co.il/he/pet/tag-0120"
121,tag-0121,"https://tag.chapiz.co.il/he/pet/tag-0121"
122,tag-0122,"https://tag.chapiz.co.il/he/pet/tag-0122"
123,tag-0123,"https://tag.chapiz.co.il/he/pet/tag-0123"
124,tag-0124,"https://tag.chapiz.co.il/he/pet/tag-0124"
125,tag-0125,"https://tag.chapiz.co.il/he/pet/tag-0125"
126,tag-0126,"https://tag.chapiz.co.il/he/pet/tag-0126"
127,tag-0127,"https://tag.chapiz.co.il/he/pet/tag-0127"
128,tag-0128,"https://tag.chapiz.co.il/he/pet/tag-0128"
129,tag-0129,"https://tag.chapiz.co.il/he/pet/tag-0129"
130,tag-0130,"https://tag.chapiz.co.il/he/pet/tag-0130"
131,tag-0131,"https://tag.chapiz.co.il/he/pet/tag-0131"
132,tag-0132,"https://tag.chapiz.co.il/he/pet/tag-0132"
133,tag-0133,"https://tag.chapiz.co.il/he/pet/tag-0133"
134,tag-0134,"https://tag.chapiz.co.il/he/pet/tag-0134"
135,tag-0135,"https://tag.chapiz.co.il/he/pet/tag-0135"
136,tag-0136,"https://tag.chapiz.co.il/he/pet/tag-0136"
137,tag-0137,"https://tag.chapiz.co.il/he/pet/tag-0137"
138,tag-0138,"https://tag.chapiz.co.il/he/pet/tag-0138"
139,tag-0139,"https://tag.chapiz.co.il/he/pet/tag-0139"
140,tag-0140,"https://tag.chapiz.co.il/he/pet/tag-0140"
141,tag-0141,"https://tag.chapiz.co.il/he/pet/tag-0141"
142,tag-0142,"https://tag.chapiz.co.il/he/pet/tag-0142"
143,tag-0143,"https://tag.chapiz.co.il/he/pet/tag-0143"
144,tag-0144,"https://tag.chapiz.co.il/he/pet/tag-0144"
145,tag-0145,"https://tag.chapiz.co.il/he/pet/tag-0145"
146,tag-0146,"https://tag.chapiz.co.il/he/pet/tag-0146"
147,tag-0147,"https://tag.chapiz.co.il/he/pet/tag-0147"
148,tag-0148,"https://tag.chapiz.co.il/he/pet/tag-0148"
149,tag-0149,"https://tag.chapiz.co.il/he/pet/tag-0149"
150,tag-0150,"https://tag.chapiz.co.il/he/pet/tag-0150"
151,tag-0151,"https://tag.chapiz.co.il/he/pet/tag-0151"
152,tag-0152,"https://tag.chapiz.co.il/he/pet/tag-0152"
153,tag-0153,"https://tag.chapiz.co.il/he/pet/tag-0153"
154,tag-0154,"https://tag.chapiz.co.il/he/pet/tag-0154"
155,tag-0155,"https://tag.chapiz.co.il/he/pet/tag-0155"
156,tag-0156,"https://tag.chapiz.co.il/he/pet/tag-0156"
157,tag-0157,"https://tag.chapiz.co.il/he/pet/tag-0157"
158,tag-0158,"https://tag.chapiz.co.il/he/pet/tag-0158"
159,tag-0159,"https://tag.chapiz.co.il/he/pet/tag-0159"
160,tag-0160,"https://tag.chapiz.co.il/he/pet/tag-0160"
161,tag-0161,"https://tag.chapiz.co.il/he/pet/tag-0161"
162,tag-0162,"https://tag.chapiz.co.il/he/pet/tag-0162"
163,tag-0163,"https://tag.chapiz.co.il/he/pet/tag-0163"
164,tag-0164,"https://tag.chapiz.co.il/he/pet/tag-0164"
165,tag-0165,"https://tag.chapiz.co.il/he/pet/tag-0165"
166,tag-0166,"https://tag.chapiz.co.il/he/pet/tag-0166"
167,tag-0167,"https://tag.chapiz.co.il/he/pet/tag-0167"
168,tag-0168,"https://tag.chapiz.co.il/he/pet/tag-0168"
169,tag-0169,"https://tag.chapiz.co.il/he/pet/tag-0169"
170,tag-0170,"https://tag.chapiz.co.il/he/pet/tag-0170"
171,tag-0171,"https://tag.chapiz.co.il/he/pet/tag-0171"
172,tag-0172,"https://tag.chapiz.co.il/he/pet/tag-0172"
173,tag-0173,"https://tag.chapiz.co.il/he/pet/tag-0173"
174,tag-0174,"https://tag.chapiz.co.il/he/pet/tag-0174"
175,tag-0175,"https://tag.chapiz.co.il/he/pet/tag-0175"
176,tag-0176,"https://tag.chapiz.co.il/he/pet/tag-0176"
177,tag-0177,"https://tag.chapiz.co.il/he/pet/tag-0177"
178,tag-0178,"https://tag.chapiz.co.il/he/pet/tag-0178"
179,tag-0179,"https://tag.chapiz.co.il/he/pet/tag-0179"
180,tag-0180,"https://tag.chapiz.co.il/he/pet/tag-0180"
181,tag-0181,"https://tag.chapiz.co.il/he/pet/tag-0181"
182,tag-0182,"https://tag.chapiz.co.il/he/pet/tag-0182"
183,tag-0183,"https://tag.chapiz.co.il/he/pet/tag-0183"
184,tag-0184,"https://tag.chapiz.co.il/he/pet/tag-0184"
185,tag-0185,"https://tag.chapiz.co.il/he/pet/tag-0185"
186,tag-0186,"https://tag.chapiz.co.il/he/pet/tag-0186"
187,tag-0187,"https://tag.chapiz.co.il/he/pet/tag-0187"
188,tag-0188,"https://tag.chapiz.co.il/he/pet/tag-0188"
189,tag-0189,"https://tag.chapiz.co.il/he/pet/tag-0189"
190,tag-0190,"https://tag.chapiz.co.il/he/pet/tag-0190"
191,tag-0191,"https://tag.chapiz.co.il/he/pet/tag-0191"
192,tag-0192,"https://tag.chapiz.co.il/he/pet/tag-0192"
193,tag-0193,"https://tag.chapiz.co.il/he/pet/tag-0193"
194,tag-0194,"https://tag.chapiz.co.il/he/pet/tag-0194"
195,tag-0195,"https://tag.chapiz.co.il/he/pet/tag-0195"
196,tag-0196,"https://tag.chapiz.co.il/he/pet/tag-0196"
197,tag-0197,"https://tag.chapiz.co.il/he/pet/tag-0197"
198,tag-0198,"https://tag.chapiz.co.il/he/pet/tag-0198"
199,tag-0199,"https://tag.chapiz.co.il/he/pet/tag-0199"
200,tag-0200,"https://tag.chapiz.co.il/he/pet/tag-0200"
201,tag-0201,"https://tag.chapiz.co.il/he/pet/tag-0201"
202,tag-0202,"https://tag.chapiz.co.il/he/pet/tag-0202"
203,tag-0203,"https://tag.chapiz.co.il/he/pet/tag-0203"
204,tag-0204,"https://tag.chapiz.co.il/he/pet/tag-0204"
205,tag-0205,"https://tag.chapiz.co.il/he/pet/tag-0205"
206,tag-0206,"https://tag.chapiz.co.il/he/pet/tag-0206"
207,tag-0207,"https://tag.chapiz.co.il/he/pet/tag-0207"
208,tag-0208,"https://tag.chapiz.co.il/he/pet/tag-0208"
209,tag-0209,"https://tag.chapiz.co.il/he/pet/tag-0209"
210,tag-0210,"https://tag.chapiz.co.il/he/pet/tag-0210"
211,tag-0211,"https://tag.chapiz.co.il/he/pet/tag-0211"
212,tag-0212,"https://tag.chapiz.co.il/he/pet/tag-0212"
213,tag-0213,"https://tag.chapiz.co.il/he/pet/tag-0213"
214,tag-0214,"https://tag.chapiz.co.il/he/pet/tag-0214"
215,tag-0215,"https://tag.chapiz.co.il/he/pet/tag-0215"
216,tag-0216,"https://tag.chapiz.co.il/he/pet/tag-0216"
217,tag-0217,"https://tag.chapiz.co.il/he/pet/tag-0217"
218,tag-0218,"https://tag.chapiz.co.il/he/pet/tag-0218"
219,tag-0219,"https://tag.chapiz.co.il/he/pet/tag-0219"
220,tag-0220,"https://tag.chapiz.co.il/he/pet/tag-0220"
221,tag-0221,"https://tag.chapiz.co.il/he/pet/tag-0221"
222,tag-0222,"https://tag.chapiz.co.il/he/pet/tag-0222"
223,tag-0223,"https://tag.chapiz.co.il/he/pet/tag-0223"
224,tag-0224,"https://tag.chapiz.co.il/he/pet/tag-0224"
225,tag-0225,"https://tag.chapiz.co.il/he/pet/tag-0225"
226,tag-0226,"https://tag.chapiz.co.il/he/pet/tag-0226"
227,tag-0227,"https://tag.chapiz.co.il/he/pet/tag-0227"
228,tag-0228,"https://tag.chapiz.co.il/he/pet/tag-0228"
229,tag-0229,"https://tag.chapiz.co.il/he/pet/tag-0229"
230,tag-0230,"https://tag.chapiz.co.il/he/pet/tag-0230"
231,tag-0231,"https://tag.chapiz.co.il/he/pet/tag-0231"
232,tag-0232,"https://tag.chapiz.co.il/he/pet/tag-0232"
233,tag-0233,"https://tag.chapiz.co.il/he/pet/tag-0233"
234,tag-0234,"https://tag.chapiz.co.il/he/pet/tag-0234"
235,tag-0235,"https://tag.chapiz.co.il/he/pet/tag-0235"
236,tag-0236,"https://tag.chapiz.co.il/he/pet/tag-0236"
237,tag-0237,"https://tag.chapiz.co.il/he/pet/tag-0237"
238,tag-0238,"https://tag.chapiz.co.il/he/pet/tag-0238"
239,tag-0239,"https://tag.chapiz.co.il/he/pet/tag-0239"
240,tag-0240,"https://tag.chapiz.co.il/he/pet/tag-0240"
241,tag-0241,"https://tag.chapiz.co.il/he/pet/tag-0241"
242,tag-0242,"https://tag.chapiz.co.il/he/pet/tag-0242"
243,tag-0243,"https://tag.chapiz.co.il/he/pet/tag-0243"
244,tag-0244,"https://tag.chapiz.co.il/he/pet/tag-0244"
245,tag-0245,"https://tag.chapiz.co.il/he/pet/tag-0245"
246,tag-0246,"https://tag.chapiz.co.il/he/pet/tag-0246"
247,tag-0247,"https://tag.chapiz.co.il/he/pet/tag-0247"
248,tag-0248,"https://tag.chapiz.co.il/he/pet/tag-0248"
249,tag-0249,"https://tag.chapiz.co.il/he/pet/tag-0249"
250,tag-0250,"https://tag.chapiz.co.il/he/pet/tag-0250"
251,tag-0251,"https://tag.chapiz.co.il/he/pet/tag-0251"
252,tag-0252,"https://tag.chapiz.co.il/he/pet/tag-0252"
253,tag-0253,"https://tag.chapiz.co.il/he/pet/tag-0253"
254,tag-0254,"https://tag.chapiz.co.il/he/pet/tag-0254"
255,tag-0255,"https://tag.chapiz.co.il/he/pet/tag-0255"
256,tag-0256,"https://tag.chapiz.co.il/he/pet/tag-0256"
257,tag-0257,"https://tag.chapiz.co.il/he/pet/tag-0257"
258,tag-0258,"https://tag.chapiz.co.il/he/pet/tag-0258"
259,tag-0259,"https://tag.chapiz.co.il/he/pet/tag-0259"
260,tag-0260,"https://tag.chapiz.co.il/he/pet/tag-0260"
261,tag-0261,"https://tag.chapiz.co.il/he/pet/tag-0261"
262,tag-0262,"https://tag.chapiz.co.il/he/pet/tag-0262"
263,tag-0263,"https://tag.chapiz.co.il/he/pet/tag-0263"
264,tag-0264,"https://tag.chapiz.co.il/he/pet/tag-0264"
265,tag-0265,"https://tag.chapiz.co.il/he/pet/tag-0265"
266,tag-0266,"https://tag.chapiz.co.il/he/pet/tag-0266"
267,tag-0267,"https://tag.chapiz.co.il/he/pet/tag-0267"
268,tag-0268,"https://tag.chapiz.co.il/he/pet/tag-0268"
269,tag-0269,"https://tag.chapiz.co.il/he/pet/tag-0269"
270,tag-0270,"https://tag.chapiz.co.il/he/pet/tag-0270"
271,tag-0271,"https://tag.chapiz.co.il/he/pet/tag-0271"
272,tag-0272,"https://tag.chapiz.co.il/he/pet/tag-0272"
273,tag-0273,"https://tag.chapiz.co.il/he/pet/tag-0273"
274,tag-0274,"https://tag.chapiz.co.il/he/pet/tag-0274"
275,tag-0275,"https://tag.chapiz.co.il/he/pet/tag-0275"
276,tag-0276,"https://tag.chapiz.co.il/he/pet/tag-0276"
277,tag-0277,"https://tag.chapiz.co.il/he/pet/tag-0277"
278,tag-0278,"https://tag.chapiz.co.il/he/pet/tag-0278"
279,tag-0279,"https://tag.chapiz.co.il/he/pet/tag-0279"
280,tag-0280,"https://tag.chapiz.co.il/he/pet/tag-0280"
281,tag-0281,"https://tag.chapiz.co.il/he/pet/tag-0281"
282,tag-0282,"https://tag.chapiz.co.il/he/pet/tag-0282"
283,tag-0283,"https://tag.chapiz.co.il/he/pet/tag-0283"
284,tag-0284,"https://tag.chapiz.co.il/he/pet/tag-0284"
285,tag-0285,"https://tag.chapiz.co.il/he/pet/tag-0285"
286,tag-0286,"https://tag.chapiz.co.il/he/pet/tag-0286"
287,tag-0287,"https://tag.chapiz.co.il/he/pet/tag-0287"
288,tag-0288,"https://tag.chapiz.co.il/he/pet/tag-0288"
289,tag-0289,"https://tag.chapiz.co.il/he/pet/tag-0289"
290,tag-0290,"https://tag.chapiz.co.il/he/pet/tag-0290"
291,tag-0291,"https://tag.chapiz.co.il/he/pet/tag-0291"
292,tag-0292,"https://tag.chapiz.co.il/he/pet/tag-0292"
293,tag-0293,"https://tag.chapiz.co.il/he/pet/tag-0293"
294,tag-0294,"https://tag.chapiz.co.il/he/pet/tag-0294"
295,tag-0295,"https://tag.chapiz.co.il/he/pet/tag-0295"
296,tag-0296,"https://tag.chapiz.co.il/he/pet/tag-0296"
297,tag-0297,"https://tag.chapiz.co.il/he/pet/tag-0297"
298,tag-0298,"https://tag.chapiz.co.il/he/pet/tag-0298"
299,tag-0299,"https://tag.chapiz.co.il/he/pet/tag-0299"
300,tag-0300,"https://tag.chapiz.co.il/he/pet/tag-0300"
301,tag-0301,"https://tag.chapiz.co.il/he/pet/tag-0301"
302,tag-0302,"https://tag.chapiz.co.il/he/pet/tag-0302"
303,tag-0303,"https://tag.chapiz.co.il/he/pet/tag-0303"
304,tag-0304,"https://tag.chapiz.co.il/he/pet/tag-0304"
305,tag-0305,"https://tag.chapiz.co.il/he/pet/tag-0305"
306,tag-0306,"https://tag.chapiz.co.il/he/pet/tag-0306"
307,tag-0307,"https://tag.chapiz.co.il/he/pet/tag-0307"
308,tag-0308,"https://tag.chapiz.co.il/he/pet/tag-0308"
309,tag-0309,"https://tag.chapiz.co.il/he/pet/tag-0309"
310,tag-0310,"https://tag.chapiz.co.il/he/pet/tag-0310"
311,tag-0311,"https://tag.chapiz.co.il/he/pet/tag-0311"
312,tag-0312,"https://tag.chapiz.co.il/he/pet/tag-0312"
313,tag-0313,"https://tag.chapiz.co.il/he/pet/tag-0313"
314,tag-0314,"https://tag.chapiz.co.il/he/pet/tag-0314"
315,tag-0315,"https://tag.chapiz.co.il/he/pet/tag-0315"
316,tag-0316,"https://tag.chapiz.co.il/he/pet/tag-0316"
317,tag-0317,"https://tag.chapiz.co.il/he/pet/tag-0317"
318,tag-0318,"https://tag.chapiz.co.il/he/pet/tag-0318"
319,tag-0319,"https://tag.chapiz.co.il/he/pet/tag-0319"
320,tag-0320,"https://tag.chapiz.co.il/he/pet/tag-0320"
321,tag-0321,"https://tag.chapiz.co.il/he/pet/tag-0321"
322,tag-0322,"https://tag.chapiz.co.il/he/pet/tag-0322"
323,tag-0323,"https://tag.chapiz.co.il/he/pet/tag-0323"
324,tag-0324,"https://tag.chapiz.co.il/he/pet/tag-0324"
325,tag-0325,"https://tag.chapiz.co.il/he/pet/tag-0325"
326,tag-0326,"https://tag.chapiz.co.il/he/pet/tag-0326"
327,tag-0327,"https://tag.chapiz.co.il/he/pet/tag-0327"
328,tag-0328,"https://tag.chapiz.co.il/he/pet/tag-0328"
329,tag-0329,"https://tag.chapiz.co.il/he/pet/tag-0329"
330,tag-0330,"https://tag.chapiz.co.il/he/pet/tag-0330"
331,tag-0331,"https://tag.chapiz.co.il/he/pet/tag-0331"
332,tag-0332,"https://tag.chapiz.co.il/he/pet/tag-0332"
333,tag-0333,"https://tag.chapiz.co.il/he/pet/tag-0333"
334,tag-0334,"https://tag.chapiz.co.il/he/pet/tag-0334"
335,tag-0335,"https://tag.chapiz.co.il/he/pet/tag-0335"
336,tag-0336,"https://tag.chapiz.co.il/he/pet/tag-0336"
337,tag-0337,"https://tag.chapiz.co.il/he/pet/tag-0337"
338,tag-0338,"https://tag.chapiz.co.il/he/pet/tag-0338"
339,tag-0339,"https://tag.chapiz.co.il/he/pet/tag-0339"
340,tag-0340,"https://tag.chapiz.co.il/he/pet/tag-0340"
341,tag-0341,"https://tag.chapiz.co.il/he/pet/tag-0341"
342,tag-0342,"https://tag.chapiz.co.il/he/pet/tag-0342"
343,tag-0343,"https://tag.chapiz.co.il/he/pet/tag-0343"
344,tag-0344,"https://tag.chapiz.co.il/he/pet/tag-0344"
345,tag-0345,"https://tag.chapiz.co.il/he/pet/tag-0345"
346,tag-0346,"https://tag.chapiz.co.il/he/pet/tag-0346"
347,tag-0347,"https://tag.chapiz.co.il/he/pet/tag-0347"
348,tag-0348,"https://tag.chapiz.co.il/he/pet/tag-0348"
349,tag-0349,"https://tag.chapiz.co.il/he/pet/tag-0349"
350,tag-0350,"https://tag.chapiz.co.il/he/pet/tag-0350"
351,tag-0351,"https://tag.chapiz.co.il/he/pet/tag-0351"
352,tag-0352,"https://tag.chapiz.co.il/he/pet/tag-0352"
353,tag-0353,"https://tag.chapiz.co.il/he/pet/tag-0353"
354,tag-0354,"https://tag.chapiz.co.il/he/pet/tag-0354"
355,tag-0355,"https://tag.chapiz.co.il/he/pet/tag-0355"
356,tag-0356,"https://tag.chapiz.co.il/he/pet/tag-0356"
357,tag-0357,"https://tag.chapiz.co.il/he/pet/tag-0357"
358,tag-0358,"https://tag.chapiz.co.il/he/pet/tag-0358"
359,tag-0359,"https://tag.chapiz.co.il/he/pet/tag-0359"
360,tag-0360,"https://tag.chapiz.co.il/he/pet/tag-0360"
361,tag-0361,"https://tag.chapiz.co.il/he/pet/tag-0361"
362,tag-0362,"https://tag.chapiz.co.il/he/pet/tag-0362"
363,tag-0363,"https://tag.chapiz.co.il/he/pet/tag-0363"
364,tag-0364,"https://tag.chapiz.co.il/he/pet/tag-0364"
365,tag-0365,"https://tag.chapiz.co.il/he/pet/tag-0365"
366,tag-0366,"https://tag.chapiz.co.il/he/pet/tag-0366"
367,tag-0367,"https://tag.chapiz.co.il/he/pet/tag-0367"
368,tag-0368,"https://tag.chapiz.co.il/he/pet/tag-0368"
369,tag-0369,"https://tag.chapiz.co.il/he/pet/tag-0369"
370,tag-0370,"https://tag.chapiz.co.il/he/pet/tag-0370"
371,tag-0371,"https://tag.chapiz.co.il/he/pet/tag-0371"
372,tag-0372,"https://tag.chapiz.co.il/he/pet/tag-0372"
373,tag-0373,"https://tag.chapiz.co.il/he/pet/tag-0373"
374,tag-0374,"https://tag.chapiz.co.il/he/pet/tag-0374"
375,tag-0375,"https://tag.chapiz.co.il/he/pet/tag-0375"
376,tag-0376,"https://tag.chapiz.co.il/he/pet/tag-0376"
377,tag-0377,"https://tag.chapiz.co.il/he/pet/tag-0377"
378,tag-0378,"https://tag.chapiz.co.il/he/pet/tag-0378"
379,tag-0379,"https://tag.chapiz.co.il/he/pet/tag-0379"
380,tag-0380,"https://tag.chapiz.co.il/he/pet/tag-0380"
381,tag-0381,"https://tag.chapiz.co.il/he/pet/tag-0381"
382,tag-0382,"https://tag.chapiz.co.il/he/pet/tag-0382"
383,tag-0383,"https://tag.chapiz.co.il/he/pet/tag-0383"
384,tag-0384,"https://tag.chapiz.co.il/he/pet/tag-0384"
385,tag-0385,"https://tag.chapiz.co.il/he/pet/tag-0385"
386,tag-0386,"https://tag.chapiz.co.il/he/pet/tag-0386"
387,tag-0387,"https://tag.chapiz.co.il/he/pet/tag-0387"
388,tag-0388,"https://tag.chapiz.co.il/he/pet/tag-0388"
389,tag-0389,"https://tag.chapiz.co.il/he/pet/tag-0389"
390,tag-0390,"https://tag.chapiz.co.il/he/pet/tag-0390"
391,tag-0391,"https://tag.chapiz.co.il/he/pet/tag-0391"
392,tag-0392,"https://tag.chapiz.co.il/he/pet/tag-0392"
393,tag-0393,"https://tag.chapiz.co.il/he/pet/tag-0393"
394,tag-0394,"https://tag.chapiz.co.il/he/pet/tag-0394"
395,tag-0395,"https://tag.chapiz.co.il/he/pet/tag-0395"
396,tag-0396,"https://tag.chapiz.co.il/he/pet/tag-0396"
397,tag-0397,"https://tag.chapiz.co.il/he/pet/tag-0397"
398,tag-0398,"https://tag.chapiz.co.il/he/pet/tag-0398"
399,tag-0399,"https://tag.chapiz.co.il/he/pet/tag-0399"
400,tag-0400,"https://tag.chapiz.co.il/he/pet/tag-0400"
401,tag-0401,"https://tag.chapiz.co.il/he/pet/tag-0401"
402,tag-0402,"https://tag.chapiz.co.il/he/pet/tag-0402"
403,tag-0403,"https://tag.chapiz.co.il/he/pet/tag-0403"
404,tag-0404,"https://tag.chapiz.co.il/he/pet/tag-0404"
405,tag-0405,"https://tag.chapiz.co.il/he/pet/tag-0405"
406,tag-0406,"https://tag.chapiz.co.il/he/pet/tag-0406"
407,tag-0407,"https://tag.chapiz.co.il/he/pet/tag-0407"
408,tag-0408,"https://tag.chapiz.co.il/he/pet/tag-0408"
409,tag-0409,"https://tag.chapiz.co.il/he/pet/tag-0409"
410,tag-0410,"https://tag.chapiz.co.il/he/pet/tag-0410"
411,tag-0411,"https://tag.chapiz.co.il/he/pet/tag-0411"
412,tag-0412,"https://tag.chapiz.co.il/he/pet/tag-0412"
413,tag-0413,"https://tag.chapiz.co.il/he/pet/tag-0413"
414,tag-0414,"https://tag.chapiz.co.il/he/pet/tag-0414"
415,tag-0415,"https://tag.chapiz.co.il/he/pet/tag-0415"
416,tag-0416,"https://tag.chapiz.co.il/he/pet/tag-0416"
417,tag-0417,"https://tag.chapiz.co.il/he/pet/tag-0417"
418,tag-0418,"https://tag.chapiz.co.il/he/pet/tag-0418"
419,tag-0419,"https://tag.chapiz.co.il/he/pet/tag-0419"
420,tag-0420,"https://tag.chapiz.co.il/he/pet/tag-0420"
421,tag-0421,"https://tag.chapiz.co.il/he/pet/tag-0421"
422,tag-0422,"https://tag.chapiz.co.il/he/pet/tag-0422"
423,tag-0423,"https://tag.chapiz.co.il/he/pet/tag-0423"
424,tag-0424,"https://tag.chapiz.co.il/he/pet/tag-0424"
425,tag-0425,"https://tag.chapiz.co.il/he/pet/tag-0425"
426,tag-0426,"https://tag.chapiz.co.il/he/pet/tag-0426"
427,tag-0427,"https://tag.chapiz.co.il/he/pet/tag-0427"
428,tag-0428,"https://tag.chapiz.co.il/he/pet/tag-0428"
429,tag-0429,"https://tag.chapiz.co.il/he/pet/tag-0429"
430,tag-0430,"https://tag.chapiz.co.il/he/pet/tag-0430"
431,tag-0431,"https://tag.chapiz.co.il/he/pet/tag-0431"
432,tag-0432,"https://tag.chapiz.co.il/he/pet/tag-0432"
433,tag-0433,"https://tag.chapiz.co.il/he/pet/tag-0433"
434,tag-0434,"https://tag.chapiz.co.il/he/pet/tag-0434"
435,tag-0435,"https://tag.chapiz.co.il/he/pet/tag-0435"
436,tag-0436,"https://tag.chapiz.co.il/he/pet/tag-0436"
437,tag-0437,"https://tag.chapiz.co.il/he/pet/tag-0437"
438,tag-0438,"https://tag.chapiz.co.il/he/pet/tag-0438"
439,tag-0439,"https://tag.chapiz.co.il/he/pet/tag-0439"
440,tag-0440,"https://tag.chapiz.co.il/he/pet/tag-0440"
441,tag-0441,"https://tag.chapiz.co.il/he/pet/tag-0441"
442,tag-0442,"https://tag.chapiz.co.il/he/pet/tag-0442"
443,tag-0443,"https://tag.chapiz.co.il/he/pet/tag-0443"
444,tag-0444,"https://tag.chapiz.co.il/he/pet/tag-0444"
445,tag-0445,"https://tag.chapiz.co.il/he/pet/tag-0445"
446,tag-0446,"https://tag.chapiz.co.il/he/pet/tag-0446"
447,tag-0447,"https://tag.chapiz.co.il/he/pet/tag-0447"
448,tag-0448,"https://tag.chapiz.co.il/he/pet/tag-0448"
449,tag-0449,"https://tag.chapiz.co.il/he/pet/tag-0449"
450,tag-0450,"https://tag.chapiz.co.il/he/pet/tag-0450"
451,tag-0451,"https://tag.chapiz.co.il/he/pet/tag-0451"
452,tag-0452,"https://tag.chapiz.co.il/he/pet/tag-0452"
453,tag-0453,"https://tag.chapiz.co.il/he/pet/tag-0453"
454,tag-0454,"https://tag.chapiz.co.il/he/pet/tag-0454"
455,tag-0455,"https://tag.chapiz.co.il/he/pet/tag-0455"
456,tag-0456,"https://tag.chapiz.co.il/he/pet/tag-0456"
457,tag-0457,"https://tag.chapiz.co.il/he/pet/tag-0457"
458,tag-0458,"https://tag.chapiz.co.il/he/pet/tag-0458"
459,tag-0459,"https://tag.chapiz.co.il/he/pet/tag-0459"
460,tag-0460,"https://tag.chapiz.co.il/he/pet/tag-0460"
461,tag-0461,"https://tag.chapiz.co.il/he/pet/tag-0461"
462,tag-0462,"https://tag.chapiz.co.il/he/pet/tag-0462"
463,tag-0463,"https://tag.chapiz.co.il/he/pet/tag-0463"
464,tag-0464,"https://tag.chapiz.co.il/he/pet/tag-0464"
465,tag-0465,"https://tag.chapiz.co.il/he/pet/tag-0465"
466,tag-0466,"https://tag.chapiz.co.il/he/pet/tag-0466"
467,tag-0467,"https://tag.chapiz.co.il/he/pet/tag-0467"
468,tag-0468,"https://tag.chapiz.co.il/he/pet/tag-0468"
469,tag-0469,"https://tag.chapiz.co.il/he/pet/tag-0469"
470,tag-0470,"https://tag.chapiz.co.il/he/pet/tag-0470"
471,tag-0471,"https://tag.chapiz.co.il/he/pet/tag-0471"
472,tag-0472,"https://tag.chapiz.co.il/he/pet/tag-0472"
473,tag-0473,"https://tag.chapiz.co.il/he/pet/tag-0473"
474,tag-0474,"https://tag.chapiz.co.il/he/pet/tag-0474"
475,tag-0475,"https://tag.chapiz.co.il/he/pet/tag-0475"
476,tag-0476,"https://tag.chapiz.co.il/he/pet/tag-0476"
477,tag-0477,"https://tag.chapiz.co.il/he/pet/tag-0477"
478,tag-0478,"https://tag.chapiz.co.il/he/pet/tag-0478"
479,tag-0479,"https://tag.chapiz.co.il/he/pet/tag-0479"
480,tag-0480,"https://tag.chapiz.co.il/he/pet/tag-0480"
481,tag-0481,"https://tag.chapiz.co.il/he/pet/tag-0481"
482,tag-0482,"https://tag.chapiz.co.il/he/pet/tag-0482"
483,tag-0483,"https://tag.chapiz.co.il/he/pet/tag-0483"
484,tag-0484,"https://tag.chapiz.co.il/he/pet/tag-0484"
485,tag-0485,"https://tag.chapiz.co.il/he/pet/tag-0485"
486,tag-0486,"https://tag.chapiz.co.il/he/pet/tag-0486"
487,tag-0487,"https://tag.chapiz.co.il/he/pet/tag-0487"
488,tag-0488,"https://tag.chapiz.co.il/he/pet/tag-0488"
489,tag-0489,"https://tag.chapiz.co.il/he/pet/tag-0489"
490,tag-0490,"https://tag.chapiz.co.il/he/pet/tag-0490"
491,tag-0491,"https://tag.chapiz.co.il/he/pet/tag-0491"
492,tag-0492,"https://tag.chapiz.co.il/he/pet/tag-0492"
493,tag-0493,"https://tag.chapiz.co.il/he/pet/tag-0493"
494,tag-0494,"https://tag.chapiz.co.il/he/pet/tag-0494"
495,tag-0495,"https://tag.chapiz.co.il/he/pet/tag-0495"
496,tag-0496,"https://tag.chapiz.co.il/he/pet/tag-0496"
497,tag-0497,"https://tag.chapiz.co.il/he/pet/tag-0497"
498,tag-0498,"https://tag.chapiz.co.il/he/pet/tag-0498"
499,tag-0499,"https://tag.chapiz.co.il/he/pet/tag-0499"
500,tag-0500,"https://tag.chapiz.co.il/he/pet/tag-0500"
501,tag-0501,"https://tag.chapiz.co.il/he/pet/tag-0501"
502,tag-0502,"https://tag.chapiz.co.il/he/pet/tag-0502"
503,tag-0503,"https://tag.chapiz.co.il/he/pet/tag-0503"
504,tag-0504,"https://tag.chapiz.co.il/he/pet/tag-0504"
505,tag-0505,"https://tag.chapiz.co.il/he/pet/tag-0505"
506,tag-0506,"https://tag.chapiz.co.il/he/pet/tag-0506"
507,tag-0507,"https://tag.chapiz.co.il/he/pet/tag-0507"
508,tag-0508,"https://tag.chapiz.co.il/he/pet/tag-0508"
509,tag-0509,"https://tag.chapiz.co.il/he/pet/tag-0509"
510,tag-0510,"https://tag.chapiz.co.il/he/pet/tag-0510"
511,tag-0511,"https://tag.chapiz.co.il/he/pet/tag-0511"
512,tag-0512,"https://tag.chapiz.co.il/he/pet/tag-0512"
513,tag-0513,"https://tag.chapiz.co.il/he/pet/tag-0513"
514,tag-0514,"https://tag.chapiz.co.il/he/pet/tag-0514"
515,tag-0515,"https://tag.chapiz.co.il/he/pet/tag-0515"
516,tag-0516,"https://tag.chapiz.co.il/he/pet/tag-0516"
517,tag-0517,"https://tag.chapiz.co.il/he/pet/tag-0517"
518,tag-0518,"https://tag.chapiz.co.il/he/pet/tag-0518"
519,tag-0519,"https://tag.chapiz.co.il/he/pet/tag-0519"
520,tag-0520,"https://tag.chapiz.co.il/he/pet/tag-0520"
521,tag-0521,"https://tag.chapiz.co.il/he/pet/tag-0521"
522,tag-0522,"https://tag.chapiz.co.il/he/pet/tag-0522"
523,tag-0523,"https://tag.chapiz.co.il/he/pet/tag-0523"
524,tag-0524,"https://tag.chapiz.co.il/he/pet/tag-0524"
525,tag-0525,"https://tag.chapiz.co.il/he/pet/tag-0525"
526,tag-0526,"https://tag.chapiz.co.il/he/pet/tag-0526"
527,tag-0527,"https://tag.chapiz.co.il/he/pet/tag-0527"
528,tag-0528,"https://tag.chapiz.co.il/he/pet/tag-0528"
529,tag-0529,"https://tag.chapiz.co.il/he/pet/tag-0529"
530,tag-0530,"https://tag.chapiz.co.il/he/pet/tag-0530"
531,tag-0531,"https://tag.chapiz.co.il/he/pet/tag-0531"
532,tag-0532,"https://tag.chapiz.co.il/he/pet/tag-0532"
533,tag-0533,"https://tag.chapiz.co.il/he/pet/tag-0533"
534,tag-0534,"https://tag.chapiz.co.il/he/pet/tag-0534"
535,tag-0535,"https://tag.chapiz.co.il/he/pet/tag-0535"
536,tag-0536,"https://tag.chapiz.co.il/he/pet/tag-0536"
537,tag-0537,"https://tag.chapiz.co.il/he/pet/tag-0537"
538,tag-0538,"https://tag.chapiz.co.il/he/pet/tag-0538"
539,tag-0539,"https://tag.chapiz.co.il/he/pet/tag-0539"
540,tag-0540,"https://tag.chapiz.co.il/he/pet/tag-0540"
541,tag-0541,"https://tag.chapiz.co.il/he/pet/tag-0541"
542,tag-0542,"https://tag.chapiz.co.il/he/pet/tag-0542"
543,tag-0543,"https://tag.chapiz.co.il/he/pet/tag-0543"
544,tag-0544,"https://tag.chapiz.co.il/he/pet/tag-0544"
545,tag-0545,"https://tag.chapiz.co.il/he/pet/tag-0545"
546,tag-0546,"https://tag.chapiz.co.il/he/pet/tag-0546"
547,tag-0547,"https://tag.chapiz.co.il/he/pet/tag-0547"
548,tag-0548,"https://tag.chapiz.co.il/he/pet/tag-0548"
549,tag-0549,"https://tag.chapiz.co.il/he/pet/tag-0549"
550,tag-0550,"https://tag.chapiz.co.il/he/pet/tag-0550"
551,tag-0551,"https://tag.chapiz.co.il/he/pet/tag-0551"
552,tag-0552,"https://tag.chapiz.co.il/he/pet/tag-0552"
553,tag-0553,"https://tag.chapiz.co.il/he/pet/tag-0553"
554,tag-0554,"https://tag.chapiz.co.il/he/pet/tag-0554"
555,tag-0555,"https://tag.chapiz.co.il/he/pet/tag-0555"
556,tag-0556,"https://tag.chapiz.co.il/he/pet/tag-0556"
557,tag-0557,"https://tag.chapiz.co.il/he/pet/tag-0557"
558,tag-0558,"https://tag.chapiz.co.il/he/pet/tag-0558"
559,tag-0559,"https://tag.chapiz.co.il/he/pet/tag-0559"
560,tag-0560,"https://tag.chapiz.co.il/he/pet/tag-0560"
561,tag-0561,"https://tag.chapiz.co.il/he/pet/tag-0561"
562,tag-0562,"https://tag.chapiz.co.il/he/pet/tag-0562"
563,tag-0563,"https://tag.chapiz.co.il/he/pet/tag-0563"
564,tag-0564,"https://tag.chapiz.co.il/he/pet/tag-0564"
565,tag-0565,"https://tag.chapiz.co.il/he/pet/tag-0565"
566,tag-0566,"https://tag.chapiz.co.il/he/pet/tag-0566"
567,tag-0567,"https://tag.chapiz.co.il/he/pet/tag-0567"
568,tag-0568,"https://tag.chapiz.co.il/he/pet/tag-0568"
569,tag-0569,"https://tag.chapiz.co.il/he/pet/tag-0569"
570,tag-0570,"https://tag.chapiz.co.il/he/pet/tag-0570"
571,tag-0571,"https://tag.chapiz.co.il/he/pet/tag-0571"
572,tag-0572,"https://tag.chapiz.co.il/he/pet/tag-0572"
573,tag-0573,"https://tag.chapiz.co.il/he/pet/tag-0573"
574,tag-0574,"https://tag.chapiz.co.il/he/pet/tag-0574"
575,tag-0575,"https://tag.chapiz.co.il/he/pet/tag-0575"
576,tag-0576,"https://tag.chapiz.co.il/he/pet/tag-0576"
577,tag-0577,"https://tag.chapiz.co.il/he/pet/tag-0577"
578,tag-0578,"https://tag.chapiz.co.il/he/pet/tag-0578"
579,tag-0579,"https://tag.chapiz.co.il/he/pet/tag-0579"
580,tag-0580,"https://tag.chapiz.co.il/he/pet/tag-0580"
581,tag-0581,"https://tag.chapiz.co.il/he/pet/tag-0581"
582,tag-0582,"https://tag.chapiz.co.il/he/pet/tag-0582"
583,tag-0583,"https://tag.chapiz.co.il/he/pet/tag-0583"
584,tag-0584,"https://tag.chapiz.co.il/he/pet/tag-0584"
585,tag-0585,"https://tag.chapiz.co.il/he/pet/tag-0585"
586,tag-0586,"https://tag.chapiz.co.il/he/pet/tag-0586"
587,tag-0587,"https://tag.chapiz.co.il/he/pet/tag-0587"
588,tag-0588,"https://tag.chapiz.co.il/he/pet/tag-0588"
589,tag-0589,"https://tag.chapiz.co.il/he/pet/tag-0589"
590,tag-0590,"https://tag.chapiz.co.il/he/pet/tag-0590"
591,tag-0591,"https://tag.chapiz.co.il/he/pet/tag-0591"
592,tag-0592,"https://tag.chapiz.co.il/he/pet/tag-0592"
593,tag-0593,"https://tag.chapiz.co.il/he/pet/tag-0593"
594,tag-0594,"https://tag.chapiz.co.il/he/pet/tag-0594"
595,tag-0595,"https://tag.chapiz.co.il/he/pet/tag-0595"
596,tag-0596,"https://tag.chapiz.co.il/he/pet/tag-0596"
597,tag-0597,"https://tag.chapiz.co.il/he/pet/tag-0597"
598,tag-0598,"https://tag.chapiz.co.il/he/pet/tag-0598"
599,tag-0599,"https://tag.chapiz.co.il/he/pet/tag-0599"
600,tag-0600,"https://tag.chapiz.co.il/he/pet/tag-0600"
601,tag-0601,"https://tag.chapiz.co.il/he/pet/tag-0601"
602,tag-0602,"https://tag.chapiz.co.il/he/pet/tag-0602"
603,tag-0603,"https://tag.chapiz.co.il/he/pet/tag-0603"
604,tag-0604,"https://tag.chapiz.co.il/he/pet/tag-0604"
605,tag-0605,"https://tag.chapiz.co.il/he/pet/tag-0605"
606,tag-0606,"https://tag.chapiz.co.il/he/pet/tag-0606"
607,tag-0607,"https://tag.chapiz.co.il/he/pet/tag-0607"
608,tag-0608,"https://tag.chapiz.co.il/he/pet/tag-0608"
609,tag-0609,"https://tag.chapiz.co.il/he/pet/tag-0609"
610,tag-0610,"https://tag.chapiz.co.il/he/pet/tag-0610"
611,tag-0611,"https://tag.chapiz.co.il/he/pet/tag-0611"
612,tag-0612,"https://tag.chapiz.co.il/he/pet/tag-0612"
613,tag-0613,"https://tag.chapiz.co.il/he/pet/tag-0613"
614,tag-0614,"https://tag.chapiz.co.il/he/pet/tag-0614"
615,tag-0615,"https://tag.chapiz.co.il/he/pet/tag-0615"
616,tag-0616,"https://tag.chapiz.co.il/he/pet/tag-0616"
617,tag-0617,"https://tag.chapiz.co.il/he/pet/tag-0617"
618,tag-0618,"https://tag.chapiz.co.il/he/pet/tag-0618"
619,tag-0619,"https://tag.chapiz.co.il/he/pet/tag-0619"
620,tag-0620,"https://tag.chapiz.co.il/he/pet/tag-0620"
621,tag-0621,"https://tag.chapiz.co.il/he/pet/tag-0621"
622,tag-0622,"https://tag.chapiz.co.il/he/pet/tag-0622"
623,tag-0623,"https://tag.chapiz.co.il/he/pet/tag-0623"
624,tag-0624,"https://tag.chapiz.co.il/he/pet/tag-0624"
625,tag-0625,"https://tag.chapiz.co.il/he/pet/tag-0625"
626,tag-0626,"https://tag.chapiz.co.il/he/pet/tag-0626"
627,tag-0627,"https://tag.chapiz.co.il/he/pet/tag-0627"
628,tag-0628,"https://tag.chapiz.co.il/he/pet/tag-0628"
629,tag-0629,"https://tag.chapiz.co.il/he/pet/tag-0629"
630,tag-0630,"https://tag.chapiz.co.il/he/pet/tag-0630"
631,tag-0631,"https://tag.chapiz.co.il/he/pet/tag-0631"
632,tag-0632,"https://tag.chapiz.co.il/he/pet/tag-0632"
633,tag-0633,"https://tag.chapiz.co.il/he/pet/tag-0633"
634,tag-0634,"https://tag.chapiz.co.il/he/pet/tag-0634"
635,tag-0635,"https://tag.chapiz.co.il/he/pet/tag-0635"
636,tag-0636,"https://tag.chapiz.co.il/he/pet/tag-0636"
637,tag-0637,"https://tag.chapiz.co.il/he/pet/tag-0637"
638,tag-0638,"https://tag.chapiz.co.il/he/pet/tag-0638"
639,tag-0639,"https://tag.chapiz.co.il/he/pet/tag-0639"
640,tag-0640,"https://tag.chapiz.co.il/he/pet/tag-0640"
641,tag-0641,"https://tag.chapiz.co.il/he/pet/tag-0641"
642,tag-0642,"https://tag.chapiz.co.il/he/pet/tag-0642"
643,tag-0643,"https://tag.chapiz.co.il/he/pet/tag-0643"
644,tag-0644,"https://tag.chapiz.co.il/he/pet/tag-0644"
645,tag-0645,"https://tag.chapiz.co.il/he/pet/tag-0645"
646,tag-0646,"https://tag.chapiz.co.il/he/pet/tag-0646"
647,tag-0647,"https://tag.chapiz.co.il/he/pet/tag-0647"
648,tag-0648,"https://tag.chapiz.co.il/he/pet/tag-0648"
649,tag-0649,"https://tag.chapiz.co.il/he/pet/tag-0649"
650,tag-0650,"https://tag.chapiz.co.il/he/pet/tag-0650"
651,tag-0651,"https://tag.chapiz.co.il/he/pet/tag-0651"
652,tag-0652,"https://tag.chapiz.co.il/he/pet/tag-0652"
653,tag-0653,"https://tag.chapiz.co.il/he/pet/tag-0653"
654,tag-0654,"https://tag.chapiz.co.il/he/pet/tag-0654"
655,tag-0655,"https://tag.chapiz.co.il/he/pet/tag-0655"
656,tag-0656,"https://tag.chapiz.co.il/he/pet/tag-0656"
657,tag-0657,"https://tag.chapiz.co.il/he/pet/tag-0657"
658,tag-0658,"https://tag.chapiz.co.il/he/pet/tag-0658"
659,tag-0659,"https://tag.chapiz.co.il/he/pet/tag-0659"
660,tag-0660,"https://tag.chapiz.co.il/he/pet/tag-0660"
661,tag-0661,"https://tag.chapiz.co.il/he/pet/tag-0661"
662,tag-0662,"https://tag.chapiz.co.il/he/pet/tag-0662"
663,tag-0663,"https://tag.chapiz.co.il/he/pet/tag-0663"
664,tag-0664,"https://tag.chapiz.co.il/he/pet/tag-0664"
665,tag-0665,"https://tag.chapiz.co.il/he/pet/tag-0665"
666,tag-0666,"https://tag.chapiz.co.il/he/pet/tag-0666"
667,tag-0667,"https://tag.chapiz.co.il/he/pet/tag-0667"
668,tag-0668,"https://tag.chapiz.co.il/he/pet/tag-0668"
669,tag-0669,"https://tag.chapiz.co.il/he/pet/tag-0669"
670,tag-0670,"https://tag.chapiz.co.il/he/pet/tag-0670"
671,tag-0671,"https://tag.chapiz.co.il/he/pet/tag-0671"
672,tag-0672,"https://tag.chapiz.co.il/he/pet/tag-0672"
673,tag-0673,"https://tag.chapiz.co.il/he/pet/tag-0673"
674,tag-0674,"https://tag.chapiz.co.il/he/pet/tag-0674"
675,tag-0675,"https://tag.chapiz.co.il/he/pet/tag-0675"
676,tag-0676,"https://tag.chapiz.co.il/he/pet/tag-0676"
677,tag-0677,"https://tag.chapiz.co.il/he/pet/tag-0677"
678,tag-0678,"https://tag.chapiz.co.il/he/pet/tag-0678"
679,tag-0679,"https://tag.chapiz.co.il/he/pet/tag-0679"
680,tag-0680,"https://tag.chapiz.co.il/he/pet/tag-0680"
681,tag-0681,"https://tag.chapiz.co.il/he/pet/tag-0681"
682,tag-0682,"https://tag.chapiz.co.il/he/pet/tag-0682"
683,tag-0683,"https://tag.chapiz.co.il/he/pet/tag-0683"
684,tag-0684,"https://tag.chapiz.co.il/he/pet/tag-0684"
685,tag-0685,"https://tag.chapiz.co.il/he/pet/tag-0685"
686,tag-0686,"https://tag.chapiz.co.il/he/pet/tag-0686"
687,tag-0687,"https://tag.chapiz.co.il/he/pet/tag-0687"
688,tag-0688,"https://tag.chapiz.co.il/he/pet/tag-0688"
689,tag-0689,"https://tag.chapiz.co.il/he/pet/tag-0689"
690,tag-0690,"https://tag.chapiz.co.il/he/pet/tag-0690"
691,tag-0691,"https://tag.chapiz.co.il/he/pet/tag-0691"
692,tag-0692,"https://tag.chapiz.co.il/he/pet/tag-0692"
693,tag-0693,"https://tag.chapiz.co.il/he/pet/tag-0693"
694,tag-0694,"https://tag.chapiz.co.il/he/pet/tag-0694"
695,tag-0695,"https://tag.chapiz.co.il/he/pet/tag-0695"
696,tag-0696,"https://tag.chapiz.co.il/he/pet/tag-0696"
697,tag-0697,"https://tag.chapiz.co.il/he/pet/tag-0697"
698,tag-0698,"https://tag.chapiz.co.il/he/pet/tag-0698"
699,tag-0699,"https://tag.chapiz.co.il/he/pet/tag-0699"
700,tag-0700,"https://tag.chapiz.co.il/he/pet/tag-0700"
701,tag-0701,"https://tag.chapiz.co.il/he/pet/tag-0701"
702,tag-0702,"https://tag.chapiz.co.il/he/pet/tag-0702"
703,tag-0703,"https://tag.chapiz.co.il/he/pet/tag-0703"
704,tag-0704,"https://tag.chapiz.co.il/he/pet/tag-0704"
705,tag-0705,"https://tag.chapiz.co.il/he/pet/tag-0705"
706,tag-0706,"https://tag.chapiz.co.il/he/pet/tag-0706"
707,tag-0707,"https://tag.chapiz.co.il/he/pet/tag-0707"
708,tag-0708,"https://tag.chapiz.co.il/he/pet/tag-0708"
709,tag-0709,"https://tag.chapiz.co.il/he/pet/tag-0709"
710,tag-0710,"https://tag.chapiz.co.il/he/pet/tag-0710"
711,tag-0711,"https://tag.chapiz.co.il/he/pet/tag-0711"
712,tag-0712,"https://tag.chapiz.co.il/he/pet/tag-0712"
713,tag-0713,"https://tag.chapiz.co.il/he/pet/tag-0713"
714,tag-0714,"https://tag.chapiz.co.il/he/pet/tag-0714"
715,tag-0715,"https://tag.chapiz.co.il/he/pet/tag-0715"
716,tag-0716,"https://tag.chapiz.co.il/he/pet/tag-0716"
717,tag-0717,"https://tag.chapiz.co.il/he/pet/tag-0717"
718,tag-0718,"https://tag.chapiz.co.il/he/pet/tag-0718"
719,tag-0719,"https://tag.chapiz.co.il/he/pet/tag-0719"
720,tag-0720,"https://tag.chapiz.co.il/he/pet/tag-0720"
721,tag-0721,"https://tag.chapiz.co.il/he/pet/tag-0721"
722,tag-0722,"https://tag.chapiz.co.il/he/pet/tag-0722"
723,tag-0723,"https://tag.chapiz.co.il/he/pet/tag-0723"
724,tag-0724,"https://tag.chapiz.co.il/he/pet/tag-0724"
725,tag-0725,"https://tag.chapiz.co.il/he/pet/tag-0725"
726,tag-0726,"https://tag.chapiz.co.il/he/pet/tag-0726"
727,tag-0727,"https://tag.chapiz.co.il/he/pet/tag-0727"
728,tag-0728,"https://tag.chapiz.co.il/he/pet/tag-0728"
729,tag-0729,"https://tag.chapiz.co.il/he/pet/tag-0729"
730,tag-0730,"https://tag.chapiz.co.il/he/pet/tag-0730"
731,tag-0731,"https://tag.chapiz.co.il/he/pet/tag-0731"
732,tag-0732,"https://tag.chapiz.co.il/he/pet/tag-0732"
733,tag-0733,"https://tag.chapiz.co.il/he/pet/tag-0733"
734,tag-0734,"https://tag.chapiz.co.il/he/pet/tag-0734"
735,tag-0735,"https://tag.chapiz.co.il/he/pet/tag-0735"
736,tag-0736,"https://tag.chapiz.co.il/he/pet/tag-0736"
737,tag-0737,"https://tag.chapiz.co.il/he/pet/tag-0737"
738,tag-0738,"https://tag.chapiz.co.il/he/pet/tag-0738"
739,tag-0739,"https://tag.chapiz.co.il/he/pet/tag-0739"
740,tag-0740,"https://tag.chapiz.co.il/he/pet/tag-0740"
741,tag-0741,"https://tag.chapiz.co.il/he/pet/tag-0741"
742,tag-0742,"https://tag.chapiz.co.il/he/pet/tag-0742"
743,tag-0743,"https://tag.chapiz.co.il/he/pet/tag-0743"
744,tag-0744,"https://tag.chapiz.co.il/he/pet/tag-0744"
745,tag-0745,"https://tag.chapiz.co.il/he/pet/tag-0745"
746,tag-0746,"https://tag.chapiz.co.il/he/pet/tag-0746"
747,tag-0747,"https://tag.chapiz.co.il/he/pet/tag-0747"
748,tag-0748,"https://tag.chapiz.co.il/he/pet/tag-0748"
749,tag-0749,"https://tag.chapiz.co.il/he/pet/tag-0749"
750,tag-0750,"https://tag.chapiz.co.il/he/pet/tag-0750"
751,tag-0751,"https://tag.chapiz.co.il/he/pet/tag-0751"
752,tag-0752,"https://tag.chapiz.co.il/he/pet/tag-0752"
753,tag-0753,"https://tag.chapiz.co.il/he/pet/tag-0753"
754,tag-0754,"https://tag.chapiz.co.il/he/pet/tag-0754"
755,tag-0755,"https://tag.chapiz.co.il/he/pet/tag-0755"
756,tag-0756,"https://tag.chapiz.co.il/he/pet/tag-0756"
757,tag-0757,"https://tag.chapiz.co.il/he/pet/tag-0757"
758,tag-0758,"https://tag.chapiz.co.il/he/pet/tag-0758"
759,tag-0759,"https://tag.chapiz.co.il/he/pet/tag-0759"
760,tag-0760,"https://tag.chapiz.co.il/he/pet/tag-0760"
761,tag-0761,"https://tag.chapiz.co.il/he/pet/tag-0761"
762,tag-0762,"https://tag.chapiz.co.il/he/pet/tag-0762"
763,tag-0763,"https://tag.chapiz.co.il/he/pet/tag-0763"
764,tag-0764,"https://tag.chapiz.co.il/he/pet/tag-0764"
765,tag-0765,"https://tag.chapiz.co.il/he/pet/tag-0765"
766,tag-0766,"https://tag.chapiz.co.il/he/pet/tag-0766"
767,tag-0767,"https://tag.chapiz.co.il/he/pet/tag-0767"
768,tag-0768,"https://tag.chapiz.co.il/he/pet/tag-0768"
769,tag-0769,"https://tag.chapiz.co.il/he/pet/tag-0769"
770,tag-0770,"https://tag.chapiz.co.il/he/pet/tag-0770"
771,tag-0771,"https://tag.chapiz.co.il/he/pet/tag-0771"
772,tag-0772,"https://tag.chapiz.co.il/he/pet/tag-0772"
773,tag-0773,"https://tag.chapiz.co.il/he/pet/tag-0773"
774,tag-0774,"https://tag.chapiz.co.il/he/pet/tag-0774"
775,tag-0775,"https://tag.chapiz.co.il/he/pet/tag-0775"
776,tag-0776,"https://tag.chapiz.co.il/he/pet/tag-0776"
777,tag-0777,"https://tag.chapiz.co.il/he/pet/tag-0777"
778,tag-0778,"https://tag.chapiz.co.il/he/pet/tag-0778"
779,tag-0779,"https://tag.chapiz.co.il/he/pet/tag-0779"
780,tag-0780,"https://tag.chapiz.co.il/he/pet/tag-0780"
781,tag-0781,"https://tag.chapiz.co.il/he/pet/tag-0781"
782,tag-0782,"https://tag.chapiz.co.il/he/pet/tag-0782"
783,tag-0783,"https://tag.chapiz.co.il/he/pet/tag-0783"
784,tag-0784,"https://tag.chapiz.co.il/he/pet/tag-0784"
785,tag-0785,"https://tag.chapiz.co.il/he/pet/tag-0785"
786,tag-0786,"https://tag.chapiz.co.il/he/pet/tag-0786"
787,tag-0787,"https://tag.chapiz.co.il/he/pet/tag-0787"
788,tag-0788,"https://tag.chapiz.co.il/he/pet/tag-0788"
789,tag-0789,"https://tag.chapiz.co.il/he/pet/tag-0789"
790,tag-0790,"https://tag.chapiz.co.il/he/pet/tag-0790"
791,tag-0791,"https://tag.chapiz.co.il/he/pet/tag-0791"
792,tag-0792,"https://tag.chapiz.co.il/he/pet/tag-0792"
793,tag-0793,"https://tag.chapiz.co.il/he/pet/tag-0793"
794,tag-0794,"https://tag.chapiz.co.il/he/pet/tag-0794"
795,tag-0795,"https://tag.chapiz.co.il/he/pet/tag-0795"
796,tag-0796,"https://tag.chapiz.co.il/he/pet/tag-0796"
797,tag-0797,"https://tag.chapiz.co.il/he/pet/tag-0797"
798,tag-0798,"https://tag.chapiz.co.il/he/pet/tag-0798"
799,tag-0799,"https://tag.chapiz.co.il/he/pet/tag-0799"
800,tag-0800,"https://tag.chapiz.co.il/he/pet/tag-0800"
801,tag-0801,"https://tag.chapiz.co.il/he/pet/tag-0801"
802,tag-0802,"https://tag.chapiz.co.il/he/pet/tag-0802"
803,tag-0803,"https://tag.chapiz.co.il/he/pet/tag-0803"
804,tag-0804,"https://tag.chapiz.co.il/he/pet/tag-0804"
805,tag-0805,"https://tag.chapiz.co.il/he/pet/tag-0805"
806,tag-0806,"https://tag.chapiz.co.il/he/pet/tag-0806"
807,tag-0807,"https://tag.chapiz.co.il/he/pet/tag-0807"
808,tag-0808,"https://tag.chapiz.co.il/he/pet/tag-0808"
809,tag-0809,"https://tag.chapiz.co.il/he/pet/tag-0809"
810,tag-0810,"https://tag.chapiz.co.il/he/pet/tag-0810"
811,tag-0811,"https://tag.chapiz.co.il/he/pet/tag-0811"
812,tag-0812,"https://tag.chapiz.co.il/he/pet/tag-0812"
813,tag-0813,"https://tag.chapiz.co.il/he/pet/tag-0813"
814,tag-0814,"https://tag.chapiz.co.il/he/pet/tag-0814"
815,tag-0815,"https://tag.chapiz.co.il/he/pet/tag-0815"
816,tag-0816,"https://tag.chapiz.co.il/he/pet/tag-0816"
817,tag-0817,"https://tag.chapiz.co.il/he/pet/tag-0817"
818,tag-0818,"https://tag.chapiz.co.il/he/pet/tag-0818"
819,tag-0819,"https://tag.chapiz.co.il/he/pet/tag-0819"
820,tag-0820,"https://tag.chapiz.co.il/he/pet/tag-0820"
821,tag-0821,"https://tag.chapiz.co.il/he/pet/tag-0821"
822,tag-0822,"https://tag.chapiz.co.il/he/pet/tag-0822"
823,tag-0823,"https://tag.chapiz.co.il/he/pet/tag-0823"
824,tag-0824,"https://tag.chapiz.co.il/he/pet/tag-0824"
825,tag-0825,"https://tag.chapiz.co.il/he/pet/tag-0825"
826,tag-0826,"https://tag.chapiz.co.il/he/pet/tag-0826"
827,tag-0827,"https://tag.chapiz.co.il/he/pet/tag-0827"
828,tag-0828,"https://tag.chapiz.co.il/he/pet/tag-0828"
829,tag-0829,"https://tag.chapiz.co.il/he/pet/tag-0829"
830,tag-0830,"https://tag.chapiz.co.il/he/pet/tag-0830"
831,tag-0831,"https://tag.chapiz.co.il/he/pet/tag-0831"
832,tag-0832,"https://tag.chapiz.co.il/he/pet/tag-0832"
833,tag-0833,"https://tag.chapiz.co.il/he/pet/tag-0833"
834,tag-0834,"https://tag.chapiz.co.il/he/pet/tag-0834"
835,tag-0835,"https://tag.chapiz.co.il/he/pet/tag-0835"
836,tag-0836,"https://tag.chapiz.co.il/he/pet/tag-0836"
837,tag-0837,"https://tag.chapiz.co.il/he/pet/tag-0837"
838,tag-0838,"https://tag.chapiz.co.il/he/pet/tag-0838"
839,tag-0839,"https://tag.chapiz.co.il/he/pet/tag-0839"
840,tag-0840,"https://tag.chapiz.co.il/he/pet/tag-0840"
841,tag-0841,"https://tag.chapiz.co.il/he/pet/tag-0841"
842,tag-0842,"https://tag.chapiz.co.il/he/pet/tag-0842"
843,tag-0843,"https://tag.chapiz.co.il/he/pet/tag-0843"
844,tag-0844,"https://tag.chapiz.co.il/he/pet/tag-0844"
845,tag-0845,"https://tag.chapiz.co.il/he/pet/tag-0845"
846,tag-0846,"https://tag.chapiz.co.il/he/pet/tag-0846"
847,tag-0847,"https://tag.chapiz.co.il/he/pet/tag-0847"
848,tag-0848,"https://tag.chapiz.co.il/he/pet/tag-0848"
849,tag-0849,"https://tag.chapiz.co.il/he/pet/tag-0849"
850,tag-0850,"https://tag.chapiz.co.il/he/pet/tag-0850"
851,tag-0851,"https://tag.chapiz.co.il/he/pet/tag-0851"
852,tag-0852,"https://tag.chapiz.co.il/he/pet/tag-0852"
853,tag-0853,"https://tag.chapiz.co.il/he/pet/tag-0853"
854,tag-0854,"https://tag.chapiz.co.il/he/pet/tag-0854"
855,tag-0855,"https://tag.chapiz.co.il/he/pet/tag-0855"
856,tag-0856,"https://tag.chapiz.co.il/he/pet/tag-0856"
857,tag-0857,"https://tag.chapiz.co.il/he/pet/tag-0857"
858,tag-0858,"https://tag.chapiz.co.il/he/pet/tag-0858"
859,tag-0859,"https://tag.chapiz.co.il/he/pet/tag-0859"
860,tag-0860,"https://tag.chapiz.co.il/he/pet/tag-0860"
861,tag-0861,"https://tag.chapiz.co.il/he/pet/tag-0861"
862,tag-0862,"https://tag.chapiz.co.il/he/pet/tag-0862"
863,tag-0863,"https://tag.chapiz.co.il/he/pet/tag-0863"
864,tag-0864,"https://tag.chapiz.co.il/he/pet/tag-0864"
865,tag-0865,"https://tag.chapiz.co.il/he/pet/tag-0865"
866,tag-0866,"https://tag.chapiz.co.il/he/pet/tag-0866"
867,tag-0867,"https://tag.chapiz.co.il/he/pet/tag-0867"
868,tag-0868,"https://tag.chapiz.co.il/he/pet/tag-0868"
869,tag-0869,"https://tag.chapiz.co.il/he/pet/tag-0869"
870,tag-0870,"https://tag.chapiz.co.il/he/pet/tag-0870"
871,tag-0871,"https://tag.chapiz.co.il/he/pet/tag-0871"
872,tag-0872,"https://tag.chapiz.co.il/he/pet/tag-0872"
873,tag-0873,"https://tag.chapiz.co.il/he/pet/tag-0873"
874,tag-0874,"https://tag.chapiz.co.il/he/pet/tag-0874"
875,tag-0875,"https://tag.chapiz.co.il/he/pet/tag-0875"
876,tag-0876,"https://tag.chapiz.co.il/he/pet/tag-0876"
877,tag-0877,"https://tag.chapiz.co.il/he/pet/tag-0877"
878,tag-0878,"https://tag.chapiz.co.il/he/pet/tag-0878"
879,tag-0879,"https://tag.chapiz.co.il/he/pet/tag-0879"
880,tag-0880,"https://tag.chapiz.co.il/he/pet/tag-0880"
881,tag-0881,"https://tag.chapiz.co.il/he/pet/tag-0881"
882,tag-0882,"https://tag.chapiz.co.il/he/pet/tag-0882"
883,tag-0883,"https://tag.chapiz.co.il/he/pet/tag-0883"
884,tag-0884,"https://tag.chapiz.co.il/he/pet/tag-0884"
885,tag-0885,"https://tag.chapiz.co.il/he/pet/tag-0885"
886,tag-0886,"https://tag.chapiz.co.il/he/pet/tag-0886"
887,tag-0887,"https://tag.chapiz.co.il/he/pet/tag-0887"
888,tag-0888,"https://tag.chapiz.co.il/he/pet/tag-0888"
889,tag-0889,"https://tag.chapiz.co.il/he/pet/tag-0889"
890,tag-0890,"https://tag.chapiz.co.il/he/pet/tag-0890"
891,tag-0891,"https://tag.chapiz.co.il/he/pet/tag-0891"
892,tag-0892,"https://tag.chapiz.co.il/he/pet/tag-0892"
893,tag-0893,"https://tag.chapiz.co.il/he/pet/tag-0893"
894,tag-0894,"https://tag.chapiz.co.il/he/pet/tag-0894"
895,tag-0895,"https://tag.chapiz.co.il/he/pet/tag-0895"
896,tag-0896,"https://tag.chapiz.co.il/he/pet/tag-0896"
897,tag-0897,"https://tag.chapiz.co.il/he/pet/tag-0897"
898,tag-0898,"https://tag.chapiz.co.il/he/pet/tag-0898"
899,tag-0899,"https://tag.chapiz.co.il/he/pet/tag-0899"
900,tag-0900,"https://tag.chapiz.co.il/he/pet/tag-0900"
901,tag-0901,"https://tag.chapiz.co.il/he/pet/tag-0901"
902,tag-0902,"https://tag.chapiz.co.il/he/pet/tag-0902"
903,tag-0903,"https://tag.chapiz.co.il/he/pet/tag-0903"
904,tag-0904,"https://tag.chapiz.co.il/he/pet/tag-0904"
905,tag-0905,"https://tag.chapiz.co.il/he/pet/tag-0905"
906,tag-0906,"https://tag.chapiz.co.il/he/pet/tag-0906"
907,tag-0907,"https://tag.chapiz.co.il/he/pet/tag-0907"
908,tag-0908,"https://tag.chapiz.co.il/he/pet/tag-0908"
909,tag-0909,"https://tag.chapiz.co.il/he/pet/tag-0909"
910,tag-0910,"https://tag.chapiz.co.il/he/pet/tag-0910"
911,tag-0911,"https://tag.chapiz.co.il/he/pet/tag-0911"
912,tag-0912,"https://tag.chapiz.co.il/he/pet/tag-0912"
913,tag-0913,"https://tag.chapiz.co.il/he/pet/tag-0913"
914,tag-0914,"https://tag.chapiz.co.il/he/pet/tag-0914"
915,tag-0915,"https://tag.chapiz.co.il/he/pet/tag-0915"
916,tag-0916,"https://tag.chapiz.co.il/he/pet/tag-0916"
917,tag-0917,"https://tag.chapiz.co.il/he/pet/tag-0917"
918,tag-0918,"https://tag.chapiz.co.il/he/pet/tag-0918"
919,tag-0919,"https://tag.chapiz.co.il/he/pet/tag-0919"
920,tag-0920,"https://tag.chapiz.co.il/he/pet/tag-0920"
921,tag-0921,"https://tag.chapiz.co.il/he/pet/tag-0921"
922,tag-0922,"https://tag.chapiz.co.il/he/pet/tag-0922"
923,tag-0923,"https://tag.chapiz.co.il/he/pet/tag-0923"
924,tag-0924,"https://tag.chapiz.co.il/he/pet/tag-0924"
925,tag-0925,"https://tag.chapiz.co.il/he/pet/tag-0925"
926,tag-0926,"https://tag.chapiz.co.il/he/pet/tag-0926"
927,tag-0927,"https://tag.chapiz.co.il/he/pet/tag-0927"
928,tag-0928,"https://tag.chapiz.co.il/he/pet/tag-0928"
929,tag-0929,"https://tag.chapiz.co.il/he/pet/tag-0929"
930,tag-0930,"https://tag.chapiz.co.il/he/pet/tag-0930"
931,tag-0931,"https://tag.chapiz.co.il/he/pet/tag-0931"
932,tag-0932,"https://tag.chapiz.co.il/he/pet/tag-0932"
933,tag-0933,"https://tag.chapiz.co.il/he/pet/tag-0933"
934,tag-0934,"https://tag.chapiz.co.il/he/pet/tag-0934"
935,tag-0935,"https://tag.chapiz.co.il/he/pet/tag-0935"
936,tag-0936,"https://tag.chapiz.co.il/he/pet/tag-0936"
937,tag-0937,"https://tag.chapiz.co.il/he/pet/tag-0937"
938,tag-0938,"https://tag.chapiz.co.il/he/pet/tag-0938"
939,tag-0939,"https://tag.chapiz.co.il/he/pet/tag-0939"
940,tag-0940,"https://tag.chapiz.co.il/he/pet/tag-0940"
941,tag-0941,"https://tag.chapiz.co.il/he/pet/tag-0941"
942,tag-0942,"https://tag.chapiz.co.il/he/pet/tag-0942"
943,tag-0943,"https://tag.chapiz.co.il/he/pet/tag-0943"
944,tag-0944,"https://tag.chapiz.co.il/he/pet/tag-0944"
945,tag-0945,"https://tag.chapiz.co.il/he/pet/tag-0945"
946,tag-0946,"https://tag.chapiz.co.il/he/pet/tag-0946"
947,tag-0947,"https://tag.chapiz.co.il/he/pet/tag-0947"
948,tag-0948,"https://tag.chapiz.co.il/he/pet/tag-0948"
949,tag-0949,"https://tag.chapiz.co.il/he/pet/tag-0949"
950,tag-0950,"https://tag.chapiz.co.il/he/pet/tag-0950"
951,tag-0951,"https://tag.chapiz.co.il/he/pet/tag-0951"
952,tag-0952,"https://tag.chapiz.co.il/he/pet/tag-0952"
953,tag-0953,"https://tag.chapiz.co.il/he/pet/tag-0953"
954,tag-0954,"https://tag.chapiz.co.il/he/pet/tag-0954"
955,tag-0955,"https://tag.chapiz.co.il/he/pet/tag-0955"
956,tag-0956,"https://tag.chapiz.co.il/he/pet/tag-0956"
957,tag-0957,"https://tag.chapiz.co.il/he/pet/tag-0957"
958,tag-0958,"https://tag.chapiz.co.il/he/pet/tag-0958"
959,tag-0959,"https://tag.chapiz.co.il/he/pet/tag-0959"
960,tag-0960,"https://tag.chapiz.co.il/he/pet/tag-0960"
961,tag-0961,"https://tag.chapiz.co.il/he/pet/tag-0961"
962,tag-0962,"https://tag.chapiz.co.il/he/pet/tag-0962"
963,tag-0963,"https://tag.chapiz.co.il/he/pet/tag-0963"
964,tag-0964,"https://tag.chapiz.co.il/he/pet/tag-0964"
965,tag-0965,"https://tag.chapiz.co.il/he/pet/tag-0965"
966,tag-0966,"https://tag.chapiz.co.il/he/pet/tag-0966"
967,tag-0967,"https://tag.chapiz.co.il/he/pet/tag-0967"
968,tag-0968,"https://tag.chapiz.co.il/he/pet/tag-0968"
969,tag-0969,"https://tag.chapiz.co.il/he/pet/tag-0969"
970,tag-0970,"https://tag.chapiz.co.il/he/pet/tag-0970"
971,tag-0971,"https://tag.chapiz.co.il/he/pet/tag-0971"
972,tag-0972,"https://tag.chapiz.co.il/he/pet/tag-0972"
973,tag-0973,"https://tag.chapiz.co.il/he/pet/tag-0973"
974,tag-0974,"https://tag.chapiz.co.il/he/pet/tag-0974"
975,tag-0975,"https://tag.chapiz.co.il/he/pet/tag-0975"
976,tag-0976,"https://tag.chapiz.co.il/he/pet/tag-0976"
977,tag-0977,"https://tag.chapiz.co.il/he/pet/tag-0977"
978,tag-0978,"https://tag.chapiz.co.il/he/pet/tag-0978"
979,tag-0979,"https://tag.chapiz.co.il/he/pet/tag-0979"
980,tag-0980,"https://tag.chapiz.co.il/he/pet/tag-0980"
981,tag-0981,"https://tag.chapiz.co.il/he/pet/tag-0981"
982,tag-0982,"https://tag.chapiz.co.il/he/pet/tag-0982"
983,tag-0983,"https://tag.chapiz.co.il/he/pet/tag-0983"
984,tag-0984,"https://tag.chapiz.co.il/he/pet/tag-0984"
985,tag-0985,"https://tag.chapiz.co.il/he/pet/tag-0985"
986,tag-0986,"https://tag.chapiz.co.il/he/pet/tag-0986"
987,tag-0987,"https://tag.chapiz.co.il/he/pet/tag-0987"
988,tag-0988,"https://tag.chapiz.co.il/he/pet/tag-0988"
989,tag-0989,"https://tag.chapiz.co.il/he/pet/tag-0989"
990,tag-0990,"https://tag.chapiz.co.il/he/pet/tag-0990"
991,tag-0991,"https://tag.chapiz.co.il/he/pet/tag-0991"
992,tag-0992,"https://tag.chapiz.co.il/he/pet/tag-0992"
993,tag-0993,"https://tag.chapiz.co.il/he/pet/tag-0993"
994,tag-0994,"https://tag.chapiz.co.il/he/pet/tag-0994"
995,tag-0995,"https://tag.chapiz.co.il/he/pet/tag-0995"
996,tag-0996,"https://tag.chapiz.co.il/he/pet/tag-0996"
997,tag-0997,"https://tag.chapiz.co.il/he/pet/tag-0997"
998,tag-0998,"https://tag.chapiz.co.il/he/pet/tag-0998"
999,tag-0999,"https://tag.chapiz.co.il/he/pet/tag-0999"
1000,tag-1000,"https://tag.chapiz.co.il/he/pet/tag-1000"